Mesocosm;Clim;Ferti;Plant;H;NMP;PO4;DOC;MBC;NO3;NH4;TDN;DON;MBN;MBP;AG;BG;CB;XYL;LAP;NAG;PHOS;SIR;DEA;NEA;pH;SOM;BBM_MS;ABM_MS;ABM_MF;Soil_N;Soil_C;ABM_N;ABM_C;BBM_N;BBM_C;BBM_CN;ABM_CN;St_ABM_N;St_ABM_C;St_BBM_N;St_BBM_C;NP.Mic;CP.Mic;CN.Mic;NP.min;DNP;DCP;DCN;EEC;EEN;EEP;EEA;DCN.MicCN;DCP.MicCP;DNP.MicNP;logCN.Mic;logNO3;logNH4;logDON;MF_Mic_mean;Ascomycota;Basidiomycota;Blastocladiomycota;Chytridiomycota;Mucoromycota;Olpidiomycota;Zoopagomycota;Unknown.x;Fungi_shannon;Fungi_Richness;Acidobacteria;Actinobacteria;Armatimonadetes;Bacteroidetes;Chlamydiae;Chloroflexi;Cyanobacteria;Deinococcus-Thermus;Elusimicrobia;Firmicutes;Fusobacteria;Gemmatimonadetes;Ignavibacteriae;Nitrospirae;Planctomycetes;Proteobacteria;Spirochaetes;Tenericutes;Verrucomicrobia;Unknown.y;GP;GN;GPGN;Bact_shannon;Bact_Richness
1;Drought;F;NP;0.174;1.624315878;2.248185222;85.6169752;282.3994579;102.2786578;45.43339957;220.8023948;73.09033749;177.437805;11.950084;19.13599081;360.4548691;98.50578311;97.91452153;414.6324209;155.6029607;947.1385187;14.14989498;1.439285282;0.9725;5.5;0.089588378;NA;NA;NA;0.480057091;3.929241896;NA;NA;NA;NA;NA;NA;0;0;0;0;14.8482475102267;23.6315876859108;1.59154052824312;65.7027970491659;98.2136136468208;38.0827052692013;0.387753834271366;576.01116455;570.2353816;947.1385187;2093.38506485;0.243634282250671;1.61151699899987;6.6144919512674;0.952252497438369;4.6374307507142;3.83801901860622;4.30528512555384;0.00914781094405346;0.393285833493805;0.36303143120012;4.27926482230353e-05;0.0607441641525986;0.124419624708475;0.00902924877506044;0.0319233155743844;0.0175235894473336;3.14369853805415;188;0.0696025873908998;0.227149882592707;0;0.0735013955961189;0.00194940410260954;0.0186522528908777;4.43046386956714e-05;4.43046386956714e-05;8.86092773913429e-05;0.0272473527978379;0;0.0457223871339329;0;0.0142217890213105;0.0382349031943644;0.282840813433166;0.000177218554782686;0;0.152230738558327;0.0482920561782822;0.273093792920119;0.678569846262903;0.402454949072865;5.79022545197993;1320
2;Drought;NF;P;0.138613861;2.180774494;0.475026957;50.54861276;528.8369082;16.35681231;1.419319627;52.38382115;34.60768921;64.76736134;14.49826793;21.81890756;488.9089835;134.9804187;133.7463932;540.1008449;204.6042183;1357.158855;14.98356306;2.165008718;0.6025;5.68;0.087356322;0.08;0.39;2.33;0.428570151;3.563556671;4.733273029;46.67176056;1.343862414;29.20475769;21.7319551359965;9.86035672864203;0.4614941203275;4.5504966546;0.02687724828;0.5840951538;4.467248201834;36.4758680659863;8.16517605872254;37.4213119383033;110.275470429776;106.412093072015;0.964966122178355;779.45470296;744.7050632;1357.158855;2881.31862116;0.118180687744941;2.91732859871933;24.6853242639402;2.21541109100597;2.85398506967564;0.883486354771918;3.57256160358065;0.198632232835565;0.361274014155713;0.413346814964611;0;0.0156218402426694;0.145702730030334;0.00313447927199191;0.0478260869565217;0.01309403437816;2.76379522132886;159;0.0426653670639316;0.288378893270125;0.000132913916087014;0.116521199769616;0.0012405298834788;0.0212219219352266;4.43046386956714e-05;0;0.000443046386956714;0.0116964246156573;0;0.0351778831243631;0;0.0164813255947897;0.0227725842895751;0.305967834832307;0.000221523193478357;0;0.101989278277436;0.0350449692082763;0.321297239821009;0.643613486332019;0.499208370620224;5.88094559220697;1408
3;Normal;NF;NP;0.25498008;1.736287477;0.634663597;70.93917115;541.0017405;21.76905081;0.152139037;57.4986905;35.57750065;94.71940802;19.20951846;32.51192196;513.5475862;123.1566103;140.5578723;532.1188608;194.0889655;1271.472836;15.40364363;1.83653208;0.635576923;5.82;0.093582888;NA;NA;NA;0.405088395;3.421747446;NA;NA;NA;NA;NA;NA;0;0;0;0;4.9308580127729;28.1632119840239;5.71162501760745;34.5398569425119;90.5971143953921;111.774444737847;1.23375281303146;809.77399076;726.2078263;1271.472836;2807.45465306;0.216007320023306;3.96881026216945;18.3734989246718;1.90384110014411;3.12540219321642;0.141620246831303;3.59943331504067;0.380158392131692;0.647579237855607;0.165232742177671;0;0.0459396940059251;0.108274826508664;0.0130879428594619;0.00695994480743476;0.012925611785236;3.14266870572036;176;0.049488281423065;0.194142926764432;4.43046386956714e-05;0.112312259093527;0.00199370874130521;0.0194940410260954;0;0;0.00137344379956581;0.0115192060608746;0;0.0696911966682912;0;0.0222409286252271;0.015639537459572;0.359797970847548;0.000575960303043729;4.43046386956714e-05;0.107615967391786;0.0340259625182755;0.225156173851402;0.740773558991627;0.303947368421053;5.88277293721691;1335
4;Normal;NF;P;0.235528942;1.918827364;0.710634564;49.43461792;498.9621751;5.242321314;-0.27080412;15.19018668;10.21866949;100.79919;12.73282761;21.86647393;461.835295;128.2991665;123.2325769;575.8143789;189.8410709;1166.220875;15.66253301;2.106251161;0.44;6.04;0.08616188;0.18;0.47;3.32;0.423108816;3.520212173;4.825952053;43.3351593;0.715593398;23.55924225;32.9226657426485;8.97960833926255;0.5670493662275;5.09188121775;0.03220170291;1.06016590125;7.91648116878887;39.1870675063667;4.95006135565177;6.9958843065787;21.3755247063947;69.5640494064119;3.25437856435876;735.23351233;765.6554498;1166.220875;2667.10983713;0.657442065974203;1.77517874730253;2.7001295462773;1.78340153137862;1.83135211865318;-0.315812886221018;2.41757930928397;0.186262527632648;0.506815869786368;0.176703967446592;0.000508646998982706;0.0438453713123092;0.168972533062055;0.0797558494404883;0.00844354018311291;0.0149542217700918;3.65390351224644;154;0.0425324531478446;0.252226308094458;8.86092773913429e-05;0.106818483895264;0.0012405298834788;0.02210801470914;0;0;0.00128483452217447;0.00939258340348234;0;0.0655708652695937;0;0.0180319879491382;0.0167914580656595;0.349209162199282;0.000221523193478357;8.86092773913428e-05;0.0828496743609056;0.0315449027513183;0.28372690620708;0.684639581764211;0.414417912379473;5.93433338927012;1351
5;Drought;F;P;0.136904762;3.021080355;3.195402299;66.10902334;445.960959;55.72040471;31.54882511;147.9572121;60.68798224;70.00696655;6.937822005;19.41543001;420.2915334;125.7600056;104.9277177;437.2764553;166.2831116;1167.80489;12.46759253;1.616988146;1.409285714;5.49;0.087356322;0.24;1.77;9.96;0.480699986;3.679758549;4.354113579;44.03222656;0.919543624;24.44567299;26.5845712503141;10.1127877720895;1.9266952587075;19.4842602528;0.05517261744;1.4667403794;10.0906259197118;64.2796772068528;6.37023686323401;27.3108740790826;46.303156302511;20.6887950730613;0.446811766737797;670.39468671;603.5595669;1167.80489;2441.75914361;0.0701405263776899;0.321855926663797;4.58872984400886;1.99744984452253;4.03813401742409;3.48274127307226;4.12208913463022;-0.198498704750937;0.331022917831191;0.443040804918949;0.000335382895472331;0.0343208496366686;0.146338736724427;0.00190050307434321;0.0190050307434321;0.0240357741755178;3.2270270648286;172;0.0462983474369766;0.351911745159718;4.43046386956714e-05;0.0811217934517744;0.00115192060608746;0.0182978157813123;0;4.43046386956714e-05;8.86092773913428e-05;0.0150192725178326;0;0.031146161003057;0;0.0117407292543529;0.02507642550175;0.291657436533605;0.000132913916087014;0;0.0940587479509105;0.0322094723317532;0.385273138097559;0.582517389570688;0.661393367812595;5.83688656734026;1330
6;Normal;NF;P;0.264;2.233530742;1.351935972;53.22233939;552.8188194;8.071868916;-0.403620485;24.7777639;17.10951547;105.7090805;17.11838954;24.78607763;503.540853;124.0287128;128.5461408;580.0870895;151.3963055;1311.520236;15.49952647;2.188522786;0.403;5.94;0.08423913;0.25;1.01;6.63;0.468231112;3.794712067;4.53019762;44.10047531;0.636075854;22.19171906;34.8884789769115;9.73477958561993;1.14387489905;11.135370015775;0.039754740875;1.38698244125;6.17517671583492;32.293856738582;5.22962470948747;5.67205000075255;18.3276164057864;39.3675000090907;2.14798799459059;780.90178423;731.483395;1311.520236;2823.90541523;0.410734634684924;1.21903990371202;2.96795010882671;1.82931609173731;2.20517829758647;-0.516878044434637;2.89643751670582;0.414900335502844;0.240999006123561;0.688243403545895;0;0.018563047032798;0.043345836940143;0.00278926613446186;0.00208393446827611;0.00397550575486516;1.88550790575464;142;0.0509060298613265;0.192104913384431;0;0.108679278720482;0.00283549687652297;0.0231270213991405;4.43046386956714e-05;4.43046386956714e-05;0.00172788090913119;0.0124939081121793;0;0.0591466926587213;4.43046386956714e-05;0.0239245048956626;0.0174117230073989;0.377431217048425;0.000753178857826414;4.43046386956714e-05;0.0980018607948251;0.0312790749191441;0.227770147534447;0.740817863630322;0.307457687937324;5.97365221437683;1410
7;Drought;F;P;0.118577075;0;3.109533712;90.17307588;308.735342;70.52260249;38.28178774;155.3809859;46.57659561;37.0053642;7.942996711;10.31153919;213.3318493;41.43664159;66.68954172;289.5108486;111.6520953;983.3079404;10.73701315;1.636593589;0.775;5.6;0.080717489;0.52;1.06;4.44;0.485805035;3.925648451;3.617310524;43.60436249;0.725161731;16.14197159;22.2598227401495;12.0543597793707;0.95858728886;11.55515605985;0.09427102503;2.0984563067;4.65886686680261;38.8688744604971;8.34298887943386;34.9905806809918;49.9692237779476;28.9989060199004;0.580335330978229;331.7695718;401.1629439;983.3079404;1716.2404561;0.069559643356208;0.74607012480828;10.7256174530356;2.23462620955365;4.27001351848622;3.67076099517972;3.86234095145322;-0.828319245658397;0.509915686973043;0.248426552665955;0;0.035981474884218;0.156632228951431;0.00380002375014844;0.0186438665241658;0.026600166251039;3.38631119619076;146;0.0451907314695849;0.30122723849187;4.43046386956714e-05;0.0826281511674272;0.00110761596739179;0.0254751672500111;0.000177218554782685;0;8.86092773913428e-05;0.0227725842895751;0;0.040184307296974;0;0.012405298834788;0.0299056311195783;0.27810021709273;0.000265827832174029;4.43046386956714e-05;0.127420140888751;0.0329626511895794;0.349474990031456;0.617340835585486;0.566097315917899;5.8221644228839;1395
8;Normal;NF;NP;0.262626263;2.119349905;1.254958087;62.58671456;494.4460477;32.84832612;0.058907541;57.01398342;24.10674976;120.6190368;17.46699333;22.4006595;403.7509533;95.86923525;106.6836224;425.9591958;160.2120925;1095.794469;14.9332791;2.009317862;0.707857143;5.7;0.087671233;NA;NA;NA;0.528172851;3.915046215;NA;NA;NA;NA;NA;NA;0;0;0;0;6.90554089769038;28.3074504214058;4.09923724162917;26.2217790393824;45.4309861106939;49.871557630753;1.09774323430355;628.70447045;586.1712883;1095.794469;2310.67022775;0.267792071938553;1.76178203576542;6.57891782610233;1.62909096808013;3.52188954820945;0.0572377549701356;3.22313672472769;0.323898054743152;0.431489330605086;0.361937299035369;0.000182695118386437;0.0635048231511254;0.10937956737796;0.00964630225080386;0.0172098801520023;0.0066501023092671;3.12098762699151;147;0.0427096717026273;0.228523326392273;0;0.100837357671348;0.00101900669000044;0.0194054317487041;0;4.43046386956714e-05;0.000886092773913429;0.0117850338930486;0;0.0618049709804616;0;0.0150192725178326;0.0191396039165301;0.342120420007975;0.000221523193478357;0;0.121616233219618;0.0348677506534937;0.259758096672722;0.705374152673785;0.368255762828968;5.87297161576347;1377
9;Drought;NF;P;0.137254902;2.088790131;0.334131574;51.80267046;435.0229008;27.61195057;0.852685227;31.24918898;2.784553183;68.44313076;12.87287608;21.65711327;452.7737772;127.0535422;126.6160182;516.3173901;180.3157623;953.4498944;14.70717089;2.243941062;0.3825;5.85;0.093181818;0.09;0.48;3.18;0.431483626;3.715711594;4.342760086;43.38307953;0.730791211;32.82322693;44.914643794204;9.98974814884582;0.52113121032;5.2059695436;0.0164428022475;0.738522605925;5.31684841325685;33.7937612462436;6.35597606318499;85.1899012602742;93.5236039082017;155.036741484359;1.65772847715039;728.10045087;696.6331524;953.4498944;2378.18349767;0.260814147295529;4.58773263960349;17.5900451995233;1.99551305268362;3.35382448264783;0.616636060774025;1.33092783051548;-0.0543903885915789;0.307927420919853;0.504657481078983;0;0.0162526683485348;0.123811372016301;0.00126140112555793;0.0231418591111974;0.0229477973995731;2.58587415038902;171;0.0406273536839307;0.306056444109698;4.43046386956714e-05;0.112755305480484;0.0015506623543485;0.0219307961543574;8.86092773913428e-05;0;0.000531655664348057;0.00877231846174295;0;0.0293296708165345;0;0.0145319214921802;0.0211776172965309;0.317132603783616;0.000132913916087014;4.43046386956714e-05;0.0941916618669975;0.0311018563643614;0.336759558725799;0.632005670993753;0.532842621801612;5.90179847837113;1428
10;Normal;F;NP;0.246492986;1.462022871;3.453442863;69.44527261;535.1528496;81.90301995;39.80367726;136.2981603;14.59146307;157.0757447;9.50579041;7.077415059;304.3411708;72.23840357;70.37659639;313.0610476;121.9393257;851.8531443;12.50280907;1.314207991;0.507692308;5.59;0.071808511;NA;NA;NA;0.462331355;3.453293562;NA;NA;NA;NA;NA;NA;0;0;0;0;16.5242171271479;56.2975645914751;3.40697318113686;35.2421343100704;39.4673274488746;20.1089971269057;0.509509977663286;454.033585819;435.0003733;851.8531443;1740.887103419;0.149549160082695;0.357191243934391;2.38845369467054;1.48318810032667;4.41767149030765;3.70877220627032;2.74672352536296;-0.150071625341981;0.46234964574065;0.323753030624014;0;0.0934256055363323;0.0966033472212414;0.0087799825812678;0.00543746910528918;0.00965091919120542;3.45728420872252;156;0.0457666917726286;0.238358956182712;0;0.100881662310044;0.00177218554782686;0.021709272960879;0;0;0.000221523193478357;0.0194497363873998;0;0.0536529174604581;0;0.0202472198839218;0.0199813920517478;0.324221345974924;0.000177218554782686;4.43046386956714e-05;0.120552921890922;0.0329626511895795;0.279517965530991;0.687475078640734;0.406586324676162;5.83482463839275;1304
11;Drought;F;P;0.113095238;0.888910415;1.856689306;87.50623201;354.3843447;121.5206232;42.64141898;134.1284034;0;42.01484988;12.22164173;14.69751496;402.2365069;118.846472;109.9940938;371.9914784;161.1577925;941.2011149;12.28936463;1.722328129;1.608571429;5.59;0.093959732;0.25;1.26;5.74;0.419553995;3.652157068;4.037947178;43.61824036;0.874619484;26.62076187;30.436964139253;10.8020829488919;1.27195336107;13.7397457134;0.05466371775;1.663797616875;3.43774190147202;28.9964599297741;8.43474023380231;88.4165388627493;72.2406290414644;47.1302504555924;0.652406423932725;645.77458766;533.1492709;941.2011149;2120.12497346;0.0773475419335619;1.62537946251839;21.0139769394937;2.24439864625308;4.80827936846813;3.77600667601828;0;-0.297863671143059;0.826413813172955;0.0605296343001261;0;0.0165389465515569;0.0650402560869143;0.00174604714327287;0.0170724609564458;0.0126588417887287;2.69364959805795;154;0.0438172876700191;0.367285454787116;4.43046386956714e-05;0.0830268929156882;0.00101900669000044;0.0201586106065305;0;0;0.000221523193478357;0.018342120420008;0;0.0291524522617518;0;0.012405298834788;0.01913960391653;0.273581143945771;4.43046386956714e-05;0;0.099242390678304;0.0325196048026231;0.405786185813655;0.561694209383722;0.722432560340748;5.8230013503353;1308
12;Normal;NF;P;0.230923695;2.817310218;0.875552698;76.24522102;617.6961812;10.11733418;0.06533554;17.69201882;7.509349108;122.8995704;14.35675954;23.12853691;295.1927212;77.4009909;85.71146747;404.2855523;133.1305205;806.9373218;15.0652647;2.179716179;0.404857143;6.03;0.07310705;0.2;0.24;1.79;0.393017411;3.510956764;4.687633038;45.13600922;0.738295138;16.37180138;22.1751445151736;9.62874202270267;0.28125798228;2.7081605532;0.0369147569;0.818590069;8.56039763413074;43.0247633164719;5.02602392497867;11.6299906827539;20.2066864283708;87.082389437169;4.30958285742995;481.43371648;537.4160728;806.9373218;1825.78711108;0.857453709285365;2.02400624023491;2.36048455831136;1.79608741099207;2.40850552806774;0.0632898105729473;2.1411654541137;0.276748117160725;0.342484248424843;0.468721872187219;0;0.0228772877287729;0.14033903390339;0.00615061506150615;0.0078007800780078;0.0116261626162613;3.02804691676628;142;0.0551149705374153;0.216915511054007;4.43046386956714e-05;0.0950334500022152;0.00177218554782686;0.0295954986487085;8.86092773913429e-05;4.43046386956714e-05;0.000797483496522085;0.015772451375659;0;0.037481724336538;0;0.0176775508395729;0.028177750210447;0.356120685835807;0.000177218554782685;0.000132913916087014;0.111603384874396;0.033450002215232;0.262327765717071;0.704000708874219;0.372624292007552;5.92506647532615;1382
13;Normal;NF;NP;0.241312741;1.56729389;1.118119994;78.5838104;526.5218668;54.87875669;1.297471374;69.34834868;13.17212062;129.8531809;19.32959074;19.56966386;402.5252599;113.602405;98.73690257;410.1452337;154.144006;1031.47837;14.22843499;1.737820712;0.76;5.82;0.073791349;NA;NA;NA;0.318730891;3.19722724;NA;NA;NA;NA;NA;NA;0;0;0;0;6.71784429616951;27.2391626849312;4.05474754758202;50.2416810051248;62.0222776196953;70.2820903138237;1.13317493344529;634.43423133;564.2892397;1031.47837;2230.20184103;0.279468677185844;2.58018541637126;9.23246727451842;1.62032791009418;4.02318428449914;0.83180911554005;2.65127669811575;0.330652238365755;0.602091173355566;0.18514095139374;0.000450683912837731;0.0545327534533655;0.122157874574667;0.00547580954097843;0.0188385875566172;0.0113121662122277;3.2988097833218;161;0.0449692082761065;0.225953657347924;0;0.115014842053963;0.00132913916087014;0.0206902662708786;4.43046386956714e-05;0;0.000708874219130742;0.0142660936600062;0;0.0705772894422046;0;0.0212662265739223;0.0154623189047893;0.340481148376235;0.000265827832174028;0;0.101014576226131;0.0279562270169688;0.260910017278809;0.711089451065527;0.366915887850467;5.84741069499255;1365
14;Normal;F;P;0.216699801;3.357060289;2.832765108;62.76119505;503.9965629;18.6477965;13.03447946;35.10435694;3.42208098;105.3295556;10.801039;10.24902286;421.9954652;84.69707372;91.73038892;355.5204538;136.2622131;924.2691032;15.74242773;1.675695056;0.284285714;5.73;0.073604061;0.63;1.22;6.41;0.341239661;3.518414259;4.116583824;39.65838623;0.760364175;13.39653111;17.6185721927259;9.63380995639845;1.25555806632;12.09580780015;0.1197573575625;2.109953649825;9.751798470499;46.6618593729733;4.78494910596585;11.1842227477761;12.3922583065083;22.1554532964122;1.78784631085169;608.6719507;491.7826669;924.2691032;2024.7237208;0.373639566745363;0.474808625162603;1.27076644826052;1.75525956302109;2.97796519462282;2.64151712041924;1.48661039524813;-0.0285455600416039;0.444839857651245;0.199180416262267;0;0.0519788633667637;0.092526690391459;0.194543297746145;0.00668607786045508;0.0102447967216655;3.16097289170616;129;0.0391209959682779;0.231846174294449;0.000132913916087014;0.123344114128749;0.0015506623543485;0.0214877497674006;0;0;0.000221523193478357;0.0137344379956581;0;0.0492667582295866;0;0.0172788090913118;0.0129369544991361;0.377519826325816;0.000398741748261043;0;0.0848433831022109;0.0263169553852289;0.267068362057507;0.706614682557264;0.377954730704119;5.78906132751343;1295
15;Drought;NF;NP;0.11752988;2.828406269;1.976612294;101.7909819;518.3323508;74.11616384;6.647363879;88.86988047;8.106352744;144.3913751;9.495553764;25.72536439;274.7759042;98.16168883;84.3819043;296.0281804;132.0845404;740.9961949;12.08985355;1.811631095;0.6475;5.78;0.072234763;NA;NA;NA;0.390271157;3.936188936;NA;NA;NA;NA;NA;NA;0;0;0;0;15.2062089993554;54.5868480851666;3.58977363046112;40.8595696607561;44.9607040995162;51.497697453864;1.14539348271501;483.04486172;428.1127208;740.9961949;1652.15377742;0.319071228613343;0.943408517991679;2.95673327266659;1.52383070487395;4.31903576650339;2.03436099747294;2.208972273698;-0.0796951487825766;0.10737507975077;0.821941982162976;1.35745992099583e-05;0.0166424586314089;0.0334613870525473;0.000638006162868041;0.0146469925475451;0.00528051909267391;1.1951589307191;146;0.0311904656417527;0.31637942492579;0;0.106198218953524;0.000708874219130743;0.0239245048956626;0;0;0.000531655664348057;0.00717735146869878;0;0.0354437109565372;0;0.0165699348721811;0.0170129812591378;0.329892339727969;0.000132913916087014;4.43046386956714e-05;0.0881662310043862;0.0266270878560987;0.347481281290151;0.625847326215055;0.555217329746567;5.75255603316683;1277
16;Drought;NF;NP;0.151340996;2.628053801;1.409766186;96.63890051;491.1644948;73.41281341;10.1655621;91.54011924;7.961743727;108.2692658;8.774173704;21.63877679;325.4221095;88.98791746;68.9955722;319.3680956;136.7273503;811.6415156;13.50015653;1.67449416;0.423928571;5.8;0.074492099;NA;NA;NA;0.294925958;3.031948328;NA;NA;NA;NA;NA;NA;0;0;0;0;12.3395398190763;55.9784329977518;4.53650896374694;59.2852746363148;64.9328379053631;68.5495945850414;1.05569996316732;505.04437595;456.0954459;811.6415156;1772.78133745;0.232711975575016;1.22457151645875;5.26217661739544;1.71136415118243;4.30962815026301;2.41283422885245;2.1929648204407;-0.234257373525783;0.512129207983998;0.159339490147678;0;0.0973741328680258;0.166531897689067;0.00278758990509427;0.0374515895646253;0.0243860918415115;3.59177392828805;181;0.031544902751318;0.321252935182313;4.43046386956714e-05;0.10389437774135;0.00128483452217447;0.0213991404900093;0;4.43046386956714e-05;0.000398741748261043;0.0127154313056577;0;0.031544902751318;0;0.0140445704665278;0.0148863586017456;0.342164724646671;0.000221523193478357;0;0.0752292765052501;0.0293296708165346;0.355411811616676;0.615258517566789;0.577662562108447;5.73023531010434;1305
17;Drought;F;NP;0.134241245;1.682863249;3.362676016;93.42349274;380.7107835;243.0692302;65.15969284;239.1748385;0;211.8816339;10.22192996;18.49831368;230.4214905;63.52736554;55.91132371;204.4464071;103.971646;544.1302724;10.62047205;1.471481445;1.616071429;5.54;0.074157303;NA;NA;NA;0.333532125;3.265858889;NA;NA;NA;NA;NA;NA;0;0;0;0;20.7281437780464;37.2445110649144;1.79680879598881;91.6617960140707;71.126340260548;27.782484038153;0.390607529311659;368.35849343;308.4180531;544.1302724;1220.90681893;0.217389591025851;0.745948416123123;3.43138975791356;1.02847905149301;5.49745191537723;4.19207140802026;0;-0.0200769338589006;0.528435573918833;0.202181967185125;0.00223660173123218;0.0783835003670758;0.120964299738779;0.00640248587184784;0.039917365249014;0.0214782059380926;3.37702373873062;171;0.0445261618891498;0.312746444552745;0;0.0994639138717824;0.00119622524478313;0.0234814585087059;0.000132913916087014;0;0.0003101324708697;0.015639537459572;0;0.0472287448495858;0;0.0194497363873997;0.0190509946391387;0.294049887023171;4.43046386956714e-05;4.43046386956714e-05;0.0877674892561251;0.0348677506534933;0.351867440521023;0.613087590270701;0.573926868044515;5.81839888834939;1287
18;Normal;F;P;0.171026157;2.641191327;2.335571575;66.28961521;605.5192164;20.39439411;8.452402353;34.59836272;5.751566259;109.435462;11.82082294;8.755527253;412.7683455;64.26448209;57.41190913;249.5806614;112.3674922;827.9963852;16.27517665;1.213068419;0.6025;5.61;0.07038835;1.56;2.1;11.18;0.364254296;3.792584419;3.881645203;48.052845;0.52158457;10.730443;20.5727769132434;12.379504691171;2.037863731575;25.227743625;0.2034179823;4.18487277;9.25785476658193;51.2247936944397;5.53311701101056;12.3510650548143;14.8136597868982;28.3826091735168;1.91597549706248;543.200263973;361.9481536;827.9963852;1733.144802773;0.346274169378635;0.554079521390002;1.60011797121414;1.87688416646059;3.06312893023432;2.2462689264466;1.90977451633807;0.0349152407879628;0.730352821296649;0.0915806903579163;0;0.0179594956056553;0.105082155139473;0.030951471150172;0.00751496624633805;0.0165584002037962;2.65706137188739;134;0.0381462939169731;0.323468167117097;0;0.11350848433831;0.00168357627043552;0.0204687430774002;0;0.000132913916087014;0.0003101324708697;0.0141774843826149;0;0.0296841079260998;0;0.0122280802800053;0.0182535111426166;0.31872757077666;8.86092773913429e-05;0;0.0786407336848168;0.0304815914226222;0.358247308493199;0.611271100084179;0.586069435384504;5.81654345080121;1319
19;Drought;NF;P;0.120967742;2.193034278;0.767574859;67.30601305;461.8943656;23.15394238;3.612497697;32.87993081;6.113490733;66.19996888;9.533210599;8.670140007;162.8554585;32.23325825;33.77243021;167.8720324;66.43381536;373.3776738;12.2444617;2.235925127;0.4525;5.81;0.075688073;0.12;0.83;3.65;0.355742633;3.698746681;3.98243928;47.54911423;1.076071501;32.09243011;29.8236967340705;11.9396959719622;0.8263561506;9.866441202725;0.03228214503;0.9627729033;6.94414208020791;48.4510817004768;6.97725955788999;34.8714392650528;42.8361226588845;87.6865783979514;2.04702416920931;237.531286967;234.30584776;373.3776738;845.214808527;0.293385125237961;1.80979609371835;6.16867024955831;2.07659493868345;3.18444761232413;1.52876951007113;1.961993084374;-0.501507996949355;0.445615061945176;0.187396351575456;0.000390205833577212;0.0213637693883524;0.28543556726173;0.000292654375182909;0.034435664813189;0.025070724807336;3.58940391754319;152;0.0388994727747995;0.338576048912321;4.43046386956714e-05;0.0917106021000399;0.000531655664348057;0.021842186876966;8.86092773913428e-05;0;0.000177218554782685;0.0110761596739179;0;0.0272916574365336;0;0.0130255637765274;0.0204687430774002;0.321252935182314;0;0;0.0842674227991671;0.0307474192547962;0.371494395463205;0.597669576004608;0.621571534469978;5.89591085444878;1361
20;Normal;NF;NP;0.239520958;1.626891008;0.786616528;75.53507693;532.1851791;39.85742396;0.275932593;48.53708356;8.40372701;122.0500723;11.70634373;17.0218606;283.4632865;91.44956484;76.97076386;230.4448481;120.1339569;546.8555283;15.16526277;1.979181212;0.547428571;5.75;0.081364829;NA;NA;NA;0.327679127;3.392383814;NA;NA;NA;NA;NA;NA;0;0;0;0;10.4259771552086;45.4612636852754;4.36038397250503;51.0202304737233;61.7036152080445;96.0252858175388;1.55623435504991;468.9054758;350.578805;546.8555283;1366.3398091;0.356903053690442;2.11224409603556;5.91825728077856;1.67903560917831;3.71008854188073;0.243677356724706;2.24110610111993;-0.0032892739955296;0.598011961924017;0.25873978603319;0;0.0407295088872041;0.0549869429702636;0.0120461629180355;0.0279883750315896;0.00749726223570035;2.96880389926499;155;0.0413805325417571;0.231491737184883;4.43046386956714e-05;0.0975588144078685;0.00252536440565327;0.018740862168269;4.43046386956714e-05;0;0.00137344379956582;0.0117407292543529;0;0.0750077533117717;0;0.0220637100704444;0.0101014576226131;0.384918700987993;0.000974702051304771;4.43046386956714e-05;0.0741216605378583;0.0278676177395774;0.261973328607505;0.710070444375526;0.368939913895302;5.89906999686898;1323
21;Drought;NF;NP;0.10515873;2.380200962;0.602856124;90.26031702;257.5809182;113.3918549;3.870888572;100.2802828;0;39.93105849;7.443841923;14.14809876;346.5010376;95.05807588;87.22526689;389.0734965;118.3943163;785.3791427;12.80725723;1.97304933;1.500576923;5.78;0.086474501;NA;NA;NA;0.408064961;3.43824625;NA;NA;NA;NA;NA;NA;0;0;0;0;5.36430769259365;34.6032224843633;6.45064087806504;194.511988522157;166.341982452848;149.721158045332;0.9000803996536;542.93247913;507.4678128;785.3791427;1835.77943463;0.139533484605268;4.32679812156189;31.0090307986083;2.00830005259297;4.7396298779844;1.58327637876723;0;-0.483790804916032;0.377112448570166;0.20905165085518;0.000357033561154749;0.0988302900472644;0.188445713897106;0.00601856574518005;0.10379475670713;0.0163895406168187;3.36374752601262;184;0.0596340436843738;0.26693544814142;0;0.0881662310043861;0.00110761596739179;0.0233042399539232;8.86092773913428e-05;0;0.000841788135217757;0.0206459616321829;0;0.0316335120287094;0;0.0132027823313101;0.0328297372734925;0.300296841079261;8.86092773913428e-05;0;0.116831332240486;0.0443932479730628;0.310885649727527;0.644632493022019;0.482268041237114;5.82304498144168;1362
22;Normal;F;P;0.173038229;1.778614729;1.786111475;63.82832187;554.3825204;22.07457045;6.510494846;31.72052125;3.135455961;105.6658838;12.0252775;17.67423438;292.1650299;57.06618835;64.81111123;210.9677465;113.2433069;703.479869;15.90770933;1.661042465;0.09;5.72;0.080291971;1.44;2.09;10.86;0.367256314;3.646073103;4.208886623;44.59661484;0.547835708;8.478151321;15.4757187185761;10.5958223241976;2.1991432605175;23.3017312539;0.19722085488;3.05213447556;8.7869809075092;46.1014326197462;5.24656114597321;16.0040768429641;17.7595417161742;35.735911651315;2.01220911116018;431.71656386;324.2110534;703.479869;1459.40748626;0.383529145124815;0.775158376228174;2.02111987076212;1.8320310956793;3.13873116483103;2.01630135521647;1.41959759107849;-0.123004030802736;0.45814072932717;0.292073275124123;0.000513610683102209;0.0244821092278719;0.164697825714775;0.0337271015237117;0.00719054956343091;0.019174798835816;3.40887596162654;129;0.0340259625182757;0.336626644809712;0;0.093571396925258;0.000886092773913428;0.018873776084356;4.43046386956714e-05;4.43046386956714e-05;0.000132913916087014;0.0104558947321785;0;0.0399627841034957;0;0.0107217225643525;0.0134243055247884;0.34442426122015;0;0;0.0706658987195959;0.0261397368304462;0.366000620264942;0.607815338265916;0.6021575916612;5.8237628117414;1319
23;Drought;F;P;0.109090909;2.084630077;1.882086168;44.88390045;507.7926795;65.55580037;33.03244754;90.83429386;0;75.0136749;7.700397587;26.28605574;282.7205853;75.10392535;82.3686437;346.6613737;125.7011802;868.4654458;12.18596926;1.616250473;0.6685;5.59;0.079365079;0.55;1.26;5.43;0.365810007;3.421651363;4.040743351;46.46488571;0.88284868;15.04764938;17.0444264355699;11.4990935265663;1.272834155565;14.63643899865;0.1213916935;2.06905178975;9.74153270042055;65.9436962524205;6.7693347936484;52.3824305104823;48.2625585397746;23.8479519233149;0.494129458629118;466.47921009;472.3625539;868.4654458;1807.30720979;0.0729952755613084;0.361641116264234;4.95430852864571;2.05018454857156;4.19804069911971;3.52731440893559;0;-0.397615998132889;0.419499381953028;0.167181705809641;0.00030902348578492;0.0377008652657602;0.277503090234858;0.0129789864029667;0.0452719406674908;0.0395550061804697;3.41944252887389;149;0.036817154756103;0.36356386513668;0;0.0823180186965575;0.000443046386956714;0.0259182136369678;0;0;0.000265827832174028;0.0128483452217447;0;0.0326525187187099;0;0.0106331132869611;0.0215320544060963;0.298657569447521;0;0;0.0875902707013424;0.0267600017721858;0.402330423995392;0.570909574232422;0.70471829892907;5.81259794754645;1290
24;Drought;F;NP;0.123772102;3.588027778;4.675577959;94.74976573;413.0460486;288.0419564;119.5771852;274.5139426;0;197.2114448;10.19883715;16.05890646;286.9358862;72.59936148;68.18191775;284.7228602;117.2371314;824.8891895;11.92258424;1.096163353;0.547692308;5.44;0.073991031;NA;NA;NA;0.426642835;3.667984962;NA;NA;NA;NA;NA;NA;0;0;0;0;19.3366598465591;40.4993277689506;2.09443244543382;87.1804823220573;58.712301453896;20.2648242764548;0.345154657109937;443.77607189;401.9599916;824.8891895;1670.62525299;0.164796271115083;0.500374336879514;3.03632074617808;1.12960451143187;5.66657185542982;4.79229008895067;0;-0.123316167940905;0.520435279621135;0.088332665271159;0;0.14119865199899;0.203120592645378;0.00426075208955002;0.0266482578423077;0.0160038005314803;3.22377526073309;200;0.0402286119356697;0.407868503832351;0;0.0725266935448141;0.0015506623543485;0.0154180142660937;4.43046386956714e-05;0;0.000221523193478357;0.0242346373665323;0;0.0251207301404458;0;0.0111647689513092;0.0112976828673962;0.274865978467946;8.86092773913429e-05;0;0.0803243099552523;0.035044969208276;0.447521155464977;0.517389570688051;0.864959753382428;5.64593745378922;1227
25;Drought;F;NP;0.123015873;2.125194917;3.285722074;88.88131222;445.8389543;279.7306615;86.60424706;257.4257611;0;205.2349691;7.457052948;15.06185162;319.9195489;90.937107;79.6968939;421.5008794;130.7863356;912.8216611;12.22182035;1.357772355;1.795;5.49;0.083710407;NA;NA;NA;0.395399332;3.306329489;NA;NA;NA;NA;NA;NA;0;0;0;0;27.5222625521312;59.7875537975864;2.17233425792447;111.492968762884;78.3467850604336;27.0507700341791;0.34526968800715;505.61540142;552.287215;912.8216611;1970.72427752;0.158939484910132;0.452448182204624;2.84666948845624;1.15446767587665;5.63739570967888;4.4728294791872;0;0.174328816707126;0.384738941950638;0.33630978082523;0.000189986010121073;0.0681013489006719;0.123473635123232;0.00455966424290575;0.0652515587488558;0.0173750841983458;3.17341030903647;201;0.0659253023791591;0.348323069425369;0;0.0624252359222011;0.000797483496522086;0.018342120420008;0.000177218554782685;8.86092773913428e-05;8.86092773913428e-05;0.0247662930308803;0;0.0221966239865314;0;0.0112090735900049;0.0313676841965354;0.270258296043596;4.43046386956714e-05;0;0.0971600726596074;0.0468300031013245;0.391520092153649;0.561472686190244;0.697309240116784;5.83982474816396;1333
26;Normal;F;NP;0.244247788;0.890742208;1.77129662;70.86090653;507.9335877;120.8692607;32.3419892;132.520849;0;145.5890602;10.5887766;20.44366078;419.8297667;118.2351347;99.29911348;523.1829242;190.9519327;1082.826756;15.05839512;1.46267755;1.594807692;5.51;0.074941452;NA;NA;NA;0.345398366;2.931155682;NA;NA;NA;NA;NA;NA;0;0;0;0;13.7493749938968;47.9690531671053;3.48881699629242;86.49666474269;74.8157296207114;40.0051045826531;0.534715156631693;657.80767566;714.1348569;1082.826756;2454.76928856;0.153265464253338;0.833977365433733;5.4413913107993;1.5015891918252;4.80294883651685;3.50681753961;0;0.287007049322146;0.184622115279449;0.705435852564803;0.000109373291042327;0.0408181122169966;0.0505742097779722;0.00297495351635131;0.0124029312042;0.00306245214918555;2.12957907027887;153;0.0761596739178591;0.265429090425768;0;0.0727482167382925;0.00234814585087058;0.018209206503921;8.86092773913429e-05;4.43046386956714e-05;4.43046386956714e-05;0.0240574188117496;0;0.0321208630543618;0;0.0167914580656595;0.0313233795578397;0.305081742058393;0.000443046386956714;4.43046386956714e-05;0.112445173009614;0.042621062425236;0.307740020380134;0.649506003278543;0.473806275579809;5.90394218860347;1382
27;Drought;NF;P;0.160320641;2.561759588;0.670946922;55.05687235;560.7546585;70.27847127;1.881102406;65.43824385;0;106.1215745;15.5458958;32.2755117;460.4382475;136.0611623;122.7400658;503.0439492;179.583024;1122.630399;17.59320967;2.119627193;0.669;5.74;0.085918854;0.06;0.16;0.93;0.484167904;3.484956741;4.241223812;41.70801544;1.062790871;23.48146629;22.0941550503777;9.83395767089501;0.16964895248;1.6683206176;0.015941863065;0.35222199435;6.82634026789244;36.0709132310021;5.28407782434476;107.548855669391;97.5311782561542;82.0584617720327;0.841356202593141;751.5149873;682.6269732;1122.630399;2556.7723595;0.159224793911409;2.27492055015412;14.2874768072858;1.83801910484004;4.26659433610316;1.05817300076744;0;0.481359851575636;0.404119923899495;0.284655251590894;0;0.0370661943187036;0.200879092042249;0.00203372039624746;0.0492029128124385;0.0220429049399726;3.65515395893383;179;0.0631784147800274;0.243852731380976;4.43046386956714e-05;0.0763368924726418;0.000354437109565372;0.0192725178326171;0.000177218554782685;4.43046386956714e-05;0.000398741748261042;0.0126268220282664;0;0.0354437109565372;0;0.0159939745691374;0.0354880155952328;0.345842009658411;0.000177218554782686;4.43046386956714e-05;0.111957821983962;0.0387665588587126;0.275796375880555;0.685215542067255;0.402495797232639;5.88880436332243;1377
28;Normal;F;P;0.188866799;2.831209411;2.034067147;57.87034655;519.9579705;33.5543323;6.198331324;38.11043919;0;101.6137146;12.04479126;23.440329;480.120286;141.6845047;122.0500769;537.4756512;185.7959947;1279.941498;17.72950901;1.950814171;0.25875;5.69;0.080882353;0.97;2;12.16;0.513513267;3.50571537;4.264461517;46.96388245;0.747286737;13.26916504;17.7564573048217;11.0128517428945;2.1322307585;23.481941225;0.1812170337225;3.2177725222;8.43632009941532;43.1686991726248;5.1170058347616;19.5434372373745;18.7360772461264;28.4505585940718;1.51849067552034;767.2951966;723.2716459;1279.941498;2770.5083405;0.296753751032431;0.659055267806485;2.2208826864482;1.81107273411997;3.54253293453797;1.97384923860583;0;0.26806663312877;0.47484318697451;0.328573335112772;0;0.0228212998798879;0.139463499265982;0.00467102629120512;0.0121446683571333;0.0174829841185101;3.29801694157544;158;0.0610960967613309;0.245314784457933;8.86092773913429e-05;0.0691152363652474;0.000443046386956714;0.0193611271100084;4.43046386956714e-05;0;0.000132913916087014;0.0170572858978335;0;0.0448362943600195;0;0.0124496034734837;0.0318107305834921;0.331797439191883;0.000132913916087014;0;0.124894776483098;0.0414248371804529;0.281733197465775;0.676797660715077;0.416273893689447;5.90810694625629;1364
29;Normal;NF;P;0.242424242;1.938946023;0.397191575;56.71978019;495.037915;12.45797802;0;17.83991623;5.381938215;111.9091318;16.53081645;24.76041967;501.6850902;135.3118384;139.4517951;555.5325929;192.9142303;1170.455874;16.52552357;2.077427386;0.504;5.94;0.088;0.21;1.15;2.54;0.476419955;4.897301674;5.009401321;47.5699501;0.639837861;15.80991077;24.7092454724245;9.49613477773904;1.4402028797875;13.67636065375;0.0335914877025;0.830020315425;6.76972804933661;29.9463681359792;4.4235703292267;31.3651618114005;44.9151425983796;142.802072752928;3.17937480528181;801.20914337;748.4468232;1170.455874;2720.11184057;0.718734996542398;4.76859404467675;6.63470412268349;1.6907543309123;2.59957209153549;0;1.85347184667475;0.385171702947134;0.475629893996698;0.232408245885048;5.32679912640494e-05;0.0341447824002557;0.122622915889842;0.11878762051883;0.00932189847120865;0.00703137484685457;3.16052578787344;147;0.0579504674139382;0.20225067564574;4.43046386956714e-05;0.0996854370652607;0.00203801338000089;0.0228168889282708;8.86092773913429e-05;4.43046386956714e-05;0.00177218554782686;0.0172345044526162;0;0.0509946391387178;4.43046386956714e-05;0.0197155642195738;0.0340702671569713;0.347348367374064;0.000487351025652386;0;0.103805768463958;0.0396083469939305;0.242346373665323;0.71791236542466;0.337570970130832;6.00213026299606;1441
30;Drought;NF;NP;0.111111111;2.41415161;0.565326633;91.46997733;277.3658687;135.275472;5.288066465;112.5886693;0;44.71418026;7.951654543;21.3520385;339.7971282;94.25136925;90.76394955;430.921679;147.285387;1005.672803;12.31366628;1.910109604;1.842142857;5.74;0.090909091;NA;NA;NA;0.408417672;3.569403648;NA;NA;NA;NA;NA;NA;0;0;0;0;5.62325488591086;34.8815290201673;6.20308517537832;248.641281446579;199.156846197975;161.800226613417;0.812426133985758;546.1644855;578.207066;1005.672803;2130.0443545;0.13097130073443;4.63856462599072;35.4166492962937;1.97450943082389;4.91467836652901;1.83865362520463;0;-0.352106349668924;0.391767967583706;0.244686144878084;0;0.0619179640292884;0.190256155067415;0.00784341603279543;0.0791687400772494;0.0243596123314612;3.45584229203188;173;0.0563998050595897;0.27451154135838;0;0.0809888795356873;0.000974702051304771;0.0208231801869656;8.86092773913429e-05;0;0.000487351025652386;0.0192282131939214;0;0.0336272207700146;0;0.0140888751052235;0.0316335120287094;0.303752602897523;0.0003101324708697;8.86092773913429e-05;0.122679544548314;0.0403172212130611;0.314562934739267;0.644942625492889;0.487737858075153;5.80454507760906;1362
31;Normal;F;NP;0.220039293;1.651302084;2.669470479;91.66807938;309.2452899;146.2135836;54.40902294;202.5072272;1.884620674;133.7212704;9.137489045;27.21559587;449.9722704;119.6939623;107.0763146;433.9660782;190.1110487;975.0990625;12.39254134;1.150768459;1.8025;5.5;0.090680101;NA;NA;NA;0.400410354;3.340900421;NA;NA;NA;NA;NA;NA;0;0;0;0;14.6343563030778;33.8435743536369;2.31261106759572;75.1544578290877;75.8604482773154;34.3394242795071;0.452665717897894;703.95814317;624.0771269;975.0990625;2303.13433257;0.195737936326882;1.01465122804964;5.1837229261229;1.19773672059045;4.99188448192855;4.0147424494446;1.05939340916648;-0.134030593799751;0.58868076942495;0.198995304690261;0;0.129348210228707;0.0642702075023981;0.00628565658605543;0.00545261776139749;0.00696723380623054;3.32624171759529;177;0.0757166275309024;0.173364051216162;0;0.0827167604448186;0.000797483496522086;0.0169243719817465;0;0;0.000221523193478357;0.0289309290682735;0;0.0567099375304594;0;0.0164370209560941;0.0333170882991449;0.300562668911435;0.000132913916087014;4.43046386956714e-05;0.162376500819636;0.0517478179965443;0.219219352266182;0.728988525098578;0.300717150844779;5.76493354309217;1307
32;Normal;F;NP;0.219607843;0.344585828;1.622686296;88.63385037;250.9494636;73.75757153;38.94908298;168.3198289;55.61317439;105.8715694;16.82025601;21.63824392;410.9141061;112.1485326;113.4164707;443.8950251;152.0303468;1037.0704;13.73254461;0.953986864;1.105;5.52;0.085427136;NA;NA;NA;0.454749703;3.809829712;NA;NA;NA;NA;NA;NA;0;0;0;0;6.2942900118201;14.9194794330601;2.3703196714868;69.4568351183019;103.729124547928;54.6216792416912;0.526579969509463;658.11735332;595.9253719;1037.0704;2291.11312522;0.222155676233814;3.66109819627185;16.4798768968596;1.21500759787349;4.31425049851241;3.68760571775609;4.03624172119822;-0.215794816599923;0.585391892292636;0.178701699237864;0.000296551110583909;0.114972865573382;0.081403279855283;0.0124551466445242;0.018208238189852;0.00857032709587524;3.71710261839737;168;0.0669000044304638;0.256435248770546;0;0.0783306012139471;0.0006202649417394;0.0158610606530504;8.86092773913429e-05;0;0.000221523193478357;0.0299056311195782;0;0.0508174205839351;0;0.012538212750875;0.0329183465508839;0.264011341987506;0.000221523193478357;4.43046386956714e-05;0.139249479420495;0.0518364272739357;0.302201940543175;0.645828718266802;0.467928929134939;5.80125512412777;1305
